"x1","x2","y","tr"
24.1957905393893,50.5422173516332,25.1558792208241,0
57.1923816305518,42.941434310357,88.0894679001266,1
36.3739080221564,55.4112631384569,61.7693683226487,1
38.5897519708499,61.3938840757114,74.5049699812771,1
57.934679366072,47.1344564408727,94.1037727862387,1
45.4607355166855,51.1451070190448,72.7958245419894,1
41.0850061647973,50.2413211592229,56.1814550376069,0
37.9108895818907,62.1975069147444,73.0295383639242,1
46.6124755265602,54.8149437711243,78.8180530723412,1
44.8247058769819,41.2688224106145,53.8225878802005,0
21.0781115089993,45.1757217231966,13.2312757237523,0
46.7218504146458,49.4551129841814,73.769068929613,1
51.7278184692836,56.2138118865766,93.757800093006,1
62.6835467405952,53.7912768406252,109.339510849929,1
49.4657499588322,41.6395895144539,71.3367242405719,1
41.7799778899422,56.7005748120841,74.7624164357592,1
28.8418849703264,56.5507871594073,48.7477308000349,1
52.734650228151,55.2493186736724,94.0198715428471,1
44.5838901900214,34.5341458597885,50.6942409135127,0
39.1517339424246,57.1315410560861,70.6377814977462,1
38.7177904509339,81.7007166431368,92.609071230442,1
44.3995512921355,42.7298399368789,57.1098252662453,0
32.8484678327596,63.3424733194768,63.2774222218431,1
45.5781297784196,60.3257174705049,85.541362675213,1
44.1055662004925,48.5317503681323,61.5877015917102,0
52.1851271452855,61.0316126083229,98.5956949007854,1
47.194642909186,37.1615586428783,63.9310171465794,1
51.0624269736235,58.3494216711747,95.0550005338512,1
56.7604583708377,60.6097572188509,106.789207988141,1
53.2698394977661,67.2093565459939,107.097805204562,1
52.1903835356412,52.8854641228279,87.8486345377233,1
49.5185645872409,61.9942952513621,93.2938105005253,1
27.9707185450289,47.9356331799052,29.2926379165371,0
52.5116798964748,50.3484905487909,87.8301139675405,1
56.3837704829594,37.33801389944,80.9390301206825,1
39.300474430862,56.8928859586858,69.9872132798084,1
41.2656698426652,51.3381932388053,57.12585954011,0
57.0748966803592,65.5760117768447,111.519373488241,1
47.9028617840056,47.5837853814782,75.5703995470278,1
60.6867998103725,41.5164094741474,94.9169274225095,1
34.0916485412265,49.8269356803811,42.4167079597292,0
33.7426099476691,69.1173570168973,71.7042255483628,1
57.2260639217344,56.8546502776829,105.26973753084,1
45.2029664693292,54.5630855721357,75.6521708836058,1
46.8392733276544,52.8408662479458,77.4128843245735,1
42.534777442853,69.6377534634325,88.5664594632213,1
45.0728376164331,57.2966663723744,81.9222714908534,1
50.140030663398,56.0762363435244,89.2778475669348,1
58.2969782653985,41.2189744111054,89.2851267456636,1
31.6063446933707,45.3181711684536,34.3408536726157,0
59.0267738139239,57.5171138012319,107.163670519784,1
36.1232063705516,44.053063026515,42.0625218950011,0
48.7985055627976,58.9764284496018,90.1078258362361,1
34.4956544932206,45.0369799565976,38.5460913492112,0
24.5119096566699,56.005780119769,38.6876945549705,1
42.4009039396864,64.5368028142711,84.8591915961618,1
40.9099150039733,37.096770652052,45.9994944724543,0
30.9281988919423,58.1170121582435,55.453891301378,1
41.4870423522828,80.5398800659486,98.6057464670896,1
47.1026580232513,46.3916224402569,70.6646092592573,1
49.0095038049668,60.4392844182024,93.0756351707238,1
59.4727179801177,51.0766196353942,101.059671142297,1
31.1589820654306,67.3544189835141,62.8165431389501,1
56.4545687621434,66.9608643943549,112.626826661819,1
43.0004455691959,50.0425309873323,60.6083062700555,0
46.3644036972552,52.0565877877015,76.2781369614797,1
58.1272574869366,49.2650251730313,94.4769385050601,1
44.0757310243671,71.192087280749,93.8845956062755,1
55.410392284826,45.4307232682759,88.2842649132084,1
39.2054477278702,55.4123711966361,67.592362548807,1
54.2220098860329,40.0168955665366,77.9850421538948,1
40.4384420998335,61.6095915633094,76.9944629714739,1
25.4348375182578,57.8545762080188,43.7813790337752,1
45.382607672758,68.8886629376769,92.3608906642904,1
52.9757283532062,53.4065639479518,89.2502863762683,1
42.8609088058018,50.390810968458,60.9174961718183,0
42.5784868045805,56.6843807137244,77.5269575294013,1
59.6614543964874,68.9549302314235,121.149797337704,1
51.8588116401319,62.2842626108347,98.2160294949343,1
37.0837435397795,58.350899493494,68.9142300775945,1
40.6545134834826,66.6927649206754,83.0539787830966,1
44.6564752292384,57.4796682456098,81.0171169469642,1
45.5185801814964,51.4185052753604,73.4813467750191,1
29.1146794563314,68.8349332408034,62.2864078547555,1
61.6904251428832,59.1206916653873,116.143034712579,1
32.0220796858332,53.7699213823501,41.8362616986155,0
39.4974647980575,54.3377068768403,58.0276158552222,0
45.6058263410149,31.7750912274369,53.8415882194236,1
34.5455348085827,44.5434349890145,38.9068499484034,0
50.6156692387648,75.5787502359886,110.152867457099,1
27.8251522983659,74.7153237494221,66.6680443377063,1
59.4244224198337,35.7900480337292,86.4956464918445,1
59.3796942572844,59.6212607020879,111.159668773336,1
44.0714580793023,53.3927593645373,64.444354149596,0
63.1289974996953,53.9578846795238,112.813343744474,1
44.0732875046606,59.6783940125645,84.28396448589,1
72.2641945625209,59.4392081515168,137.382775856044,1
67.7028125962023,63.285528084086,131.409287138275,1
52.006655147878,51.1294987766858,84.044928207881,1
25.866388107899,75.1893816266065,61.495627291668,1
68.2929147423054,41.305877847583,110.67901045966,1
36.4685325386366,56.6301683889142,63.5235406410745,1
50.5737247567056,53.8677382350027,85.7233478502351,1
58.7754955261184,63.5975528645312,112.354373780105,1
45.8610290073877,56.2866546125073,81.5226421581561,1
48.7842964264939,56.9297124729471,89.1892212861856,1
51.0953811741304,58.8965718389429,93.3897474496951,1
48.6241818503621,32.7245818474319,61.108927098763,1
47.9940376986284,65.2673474134259,94.9837689760943,1
45.262555142139,67.0345063535147,89.3981407876161,1
51.9679724492863,62.5049303305641,99.3510896854067,1
58.6991086897149,52.1068061608546,101.136790280783,1
43.3590252598763,52.7253607620989,64.0358754690441,0
51.7142401512365,53.6955341495629,87.7588260914966,1
44.5826935170715,73.1458759073597,97.6136026397764,1
53.6770782507873,50.0598460386693,89.1422571091478,1
47.5159266696995,57.8767931578461,86.0680145882283,1
43.253179311266,40.0430290370839,52.2428587751647,0
37.2864190005329,71.2240711850193,80.810741642494,1
42.0052880565559,57.3642067275228,77.4167249376911,1
50.5493182687517,60.6916382647395,96.0963482195373,1
54.8116003015756,51.7776485692132,91.0836158681607,1
51.273676714657,59.5823762783841,94.824041726193,1
51.5368776605811,65.6785323820801,99.0057047272506,1
34.0106189249543,58.2448758574383,61.4657609114459,1
37.3287045090449,48.2784372254681,48.6105311620854,0
57.2118658453672,46.6634268271333,92.1704390631366,1
50.9506690981309,41.6615751694881,73.4840175136329,1
25.3034514208997,57.232054918878,43.2865548084,1
37.3255906615661,48.2438121853323,47.3079424132927,0
48.6815590139678,49.8920351622874,76.7226077026999,1
56.0614986262254,62.9488890351778,109.6081948486,1
26.5756972106405,65.3926130487489,54.3912734761703,1
49.1946541720006,56.8099967737335,88.0936554799178,1
49.0690710798849,54.9268921480362,84.1627269882708,1
39.8682411385341,49.8628587226112,54.4886500045118,0
62.0456751085307,66.1929230208835,123.58422750054,1
49.692958326843,40.1613301875672,70.7348170035916,1
32.6027145459179,41.0927372617118,32.4327653877787,0
47.5418670381452,55.9688435448308,84.6455256645673,1
45.419245287949,57.5731794447613,81.1432811242912,1
39.2912816848461,59.9155199244073,72.6954049651032,1
48.4883267931262,46.8666248464264,75.3323356245822,1
45.7864198442418,63.9714990920017,89.6030624909534,1
37.1797171094909,43.173673293441,41.830238518906,0
49.1646299291423,51.4687502763959,82.3683342171951,1
37.4217767290155,67.232714254029,78.2529755528457,1
58.4658225210944,72.028654172387,122.363162506323,1
40.7062840102442,55.3333432107708,71.1144033469497,1
41.7971157403641,62.1119097128465,80.265466524916,1
52.8218481271053,45.4753147205982,79.5385509587172,1
29.3938393054722,62.9739047655945,56.7493600781872,1
35.7084002439195,56.0108179715703,63.5725634281509,1
53.9275292802071,68.3641412658232,109.821434511091,1
36.2845892526317,54.7118720444979,50.351291653969,0
56.5699590327781,36.7897779682842,80.6612621266248,1
47.7738075058538,45.0145074253234,70.2978398383831,1
44.0944268072887,58.1016425861585,81.4863691278192,1
40.3688364368332,56.3107104436702,72.0429699629278,1
49.0256406932036,44.2108581383635,73.7684046452734,1
43.9362204771103,56.859114799701,78.9080283883912,1
50.6340799548654,64.2419523408136,100.06683288438,1
33.3037294268852,74.9654300828669,76.4755317931536,1
35.1405720313424,52.0207667168343,46.5630621496656,0
38.5374217842321,50.6904016128865,53.9343652633386,0
57.5735685483842,51.9408014858307,98.153637672331,1
43.4951897118579,59.0844667175921,81.3998683466157,1
53.1264044110622,59.640375083195,100.133307196745,1
48.9290281058972,48.7458190561142,76.503868009943,1
52.7050218968791,55.0310302575517,93.7695930169037,1
36.5496771469783,58.6174981095418,68.4555122313777,1
57.3251834582965,47.3334705655796,92.2179301631778,1
32.7084458814062,53.2258394635897,42.4382931398069,0
45.6423777482601,46.8313340336794,68.5874999830903,1
59.3734439108484,41.9949983323142,92.0117432849189,1
47.3022507202204,43.0119433575861,69.7083780156862,1
50.5656766718157,74.0481670841846,110.508076802597,1
48.5287034684288,67.2317796052297,98.0049884951789,1
38.7643340277671,57.3178880192805,71.391903963167,1
53.1892220555847,53.1335607190523,89.9396159220798,1
46.4947447105398,71.8401328995016,98.9264191069019,1
56.2065641130951,65.2701437380886,112.962657999159,1
53.1669470402884,69.9626166358747,109.693870436757,1
35.648236945589,66.123404220249,73.2357740603563,1
33.3511269534616,60.0179468618105,61.3895191034055,1
57.9571955381675,55.4847066047385,106.327543812405,1
40.94381225016,49.801259854985,57.3316169271947,0
37.835901332476,63.2258247171907,73.6935232729388,1
51.3686700718153,66.0228333956829,102.72729815872,1
29.9585069182984,51.088240002924,34.2813134893555,0
24.3683789697723,51.3840503625783,25.2566155729119,0
38.9019158132602,43.3803202231183,47.9844422567412,0
64.8444595423415,47.885836229866,108.30715541699,1
47.659854060941,58.4897091618215,86.3305093765515,1
42.9969471302958,59.2736644819152,80.7073952025636,1
37.5526226298775,71.6084706774533,82.3594751736309,1
55.8760660092295,60.8161345582233,105.067637092455,1
35.1196792027764,56.4346550290012,63.0817908026898,1
40.9641242170964,58.4330307852733,76.2123058064377,1
44.6924451747586,45.6850877815935,60.3187962524591,0
43.6433536684454,64.1829553659125,87.1673035361109,1
47.4534891072776,62.3041478783168,88.5149080344263,1
39.4594504587649,38.1773729021154,42.3207908427983,0
39.3534121745796,52.6674914719447,56.4073420103545,0
46.3463232981251,48.4048303273539,71.1569193095006,1
51.8857292488461,54.237510889158,90.0809966481051,1
43.6159396901046,56.5594519698712,79.4488160930467,1
46.1023172558597,54.0547068093472,77.5152430548067,1
43.7190310453823,64.5981447842597,86.6989438614714,1
40.4924886243354,48.6549012292214,53.2800968476113,0
67.7091813000864,53.2236361345279,119.790867291431,1
23.6335741932982,63.022691219681,45.5832706771982,1
59.0248077152284,53.6109777212318,102.958669852302,1
38.6175353229284,34.3735349086828,36.581429810106,0
41.2420134640761,47.8248986234944,53.95894009983,0
41.3878467099618,38.6987483875389,44.3681168555157,0
52.3602868612526,54.5516053724957,88.065233485322,1
59.3561167684962,49.9518368034722,99.9298637281568,1
39.2402448092152,50.9396710343597,54.9585171126577,0
44.6233523243847,50.3437219565426,63.8034258276303,0
52.1340633019085,39.794038350441,75.689161332769,1
47.4220714247254,47.0302979809286,72.8990646269915,1
48.8526522528338,38.4534517917425,69.0625654786699,1
60.4163236987616,61.829206038805,116.00304344499,1
52.6078767928612,68.6459642464492,104.946182178866,1
58.2610811503632,55.1244259559944,107.330185398607,1
51.6240821246313,39.9052210671929,74.4097568070992,1
47.5087652210081,60.1116821342382,87.2704541109827,1
36.1945867919434,63.4395638959166,70.6908523131911,1
37.2533325910315,49.7479691520623,48.6944039450169,0
36.7899286813809,46.4144294703867,44.839066756424,0
22.5184210313184,46.7120607089223,18.4256628584732,0
33.3649189538923,75.0216527174156,76.2531619377831,1
43.0340351419073,35.6199986848405,47.4296802128659,0
49.9219354192776,48.8707312329431,79.0062204072702,1
46.1621983452216,58.3720198227508,82.6160189729055,1
38.3198773612575,58.9315325478601,68.8602081549098,1
55.1243412909219,45.8375125323662,86.6474697083312,1
39.3933866084561,76.0301399635132,91.1880956889044,1
40.7054427953209,45.6881970666664,51.4964793472884,0
56.947948188792,46.9876706081975,91.4233090131235,1
58.8693919341585,62.2455254809452,111.977595560122,1
37.8421086680707,54.6370695860339,53.7946556834146,0
57.8591465650876,62.0924132721566,111.319050993904,1
43.6836635335661,54.506228471532,67.0694526685645,0
36.6052289361416,56.1060349303047,62.5413997752182,1
62.4823545257397,59.8541882642719,117.700304438849,1
40.7147590941378,59.6864330169262,76.183464545637,1
33.3695910298349,56.1102923000873,56.821187064299,1
53.327912613756,44.2838556261007,80.7033168834328,1
25.2159966776795,60.942433989385,47.4736516875046,1
30.4631924449551,53.853260858809,41.4331956003178,0
26.7124179887501,60.8028893894551,48.5016035068561,1
31.402072988621,64.1468137985451,61.7565816462796,1
28.8033787929502,51.3992358824665,35.0537130021678,0
51.2585162833513,61.0341876698997,95.8212061851165,1
45.4073033821215,48.7827028266337,70.8431903453129,1
46.5347426914772,57.3278671514201,82.7205307782676,1
60.5720242768913,36.9381447628091,87.8196853251041,1
44.9093585850188,65.5593880669038,91.5796718833513,1
54.5754983969971,48.5226497652479,90.7748941932811,1
43.4746330339052,41.6270974622992,53.3173959364676,0
51.4470647030951,51.4277315153032,84.4760857089115,1
55.2413468249482,75.7709619257256,119.273257761949,1
35.4105002104556,73.8282590342644,80.5352577969673,1
44.7333794381828,56.3052248414815,80.9258597237947,1
51.1290780382597,56.6082880217596,91.2537761327037,1
47.4325820674321,62.4006703485634,90.6268309294702,1
35.7230231219438,71.8472042824631,79.3320458663675,1
53.1590039903524,57.9108280826437,98.2622342884717,1
54.0067344201493,41.0794813533273,79.262661954293,1
41.5069862229142,62.2193819348401,80.051635269154,1
51.967343132383,63.6106936981664,99.3987176741323,1
51.611997701463,50.3834761733901,85.0534698574127,1
50.3047222846453,52.827298394844,86.0409729830675,1
44.6155273636758,47.96161255226,62.1027922654112,0
37.5413981665433,52.6600380196277,53.0948217119504,0
46.3080241235922,50.6851168664499,74.723537244995,1
33.6795777492524,49.1605334110943,40.8081483896959,0
50.7653926672623,64.50129671162,100.011976570876,1
42.5949747215878,59.5339292171062,81.590982799903,1
31.361221011246,65.5971158449181,62.6322829630334,1
43.1488025011805,46.6938768928892,57.1236322537123,0
50.3080724116174,53.0725262163389,83.7339238294885,1
59.765924932549,66.0555420408108,119.69123869918,1
22.624422679744,72.8174907655244,51.8126030239556,1
50.8191546067811,71.7704862767505,107.405979428807,1
57.4497745814386,42.7808869585636,88.5648727013974,1
35.8654654531569,75.353787209956,81.3224550565324,1
42.5752751616068,52.1445747666126,62.0950955852091,0
36.1430423392246,44.450328262314,41.9264828633126,0
38.4605288813697,49.9887363536077,50.9180084519355,0
37.7342003923592,49.983792382241,51.2179081725369,0
20.1035067758598,37.206244484533,1.74030680354101,0
35.7720574601429,40.2803094792801,37.7387669524262,0
36.8280586883422,53.1287603768046,51.6545258283641,0
42.6457611975427,51.9437138776321,62.3990039222142,0
63.032899758466,55.6532684849796,114.327334588089,1
25.0365447976745,51.7726738792717,27.4193582329261,0
51.4467734508786,50.2246902438642,83.950462122679,1
52.2440972602896,61.2883995368858,97.621018524385,1
42.6369019938545,44.4537614118176,55.4859784115493,0
37.9260717501543,55.4577424385604,65.8475722153494,1
38.9171461265049,53.7818478201164,57.0475874824132,0
53.8348346969432,65.2829705398998,106.846979460569,1
43.5366267060215,49.4928089903137,61.0283851686919,0
38.2035145226853,37.380278756521,38.3784154294787,0
43.7402748775013,44.1484038649398,57.0011778356838,0
53.9166547339353,46.3064037369634,84.9828314850912,1
54.7813580355167,45.3961765799107,85.9170848792059,1
39.5545685417544,55.0993181823675,70.5083391273988,1
42.2428158676432,67.9407350453649,86.6064404248477,1
51.786317557878,28.4057364983062,63.1507878986548,1
43.1969119627761,56.466955047371,78.819122532653,1
27.8322586116237,55.242365162757,44.2216808852849,1
46.172340882431,52.1948793783454,78.1036611966772,1
59.3406430963344,48.9569523375344,99.0267500415817,1
27.5474464346268,53.8838626121745,34.1074877512352,0
48.2398981152477,43.065502045691,70.5000774426108,1
38.8548896903649,68.2551178808329,79.9497087940464,1
40.3065531942592,50.482801361169,56.1723785565888,0
56.0343165613618,61.8637582320934,106.239229822143,1
50.0418395969188,68.9172368680353,102.6728614782,1
45.4417387100741,40.4979873614834,61.6507574860132,1
33.6591606121205,61.1381116401699,63.6608218357746,1
37.850917895089,63.9661068856042,73.0293782230525,1
60.8310921610699,60.9324955657465,116.248920366879,1
50.5156478194801,56.1098968797922,91.7886816121727,1
38.4900956405155,71.0518583145675,80.8510194175331,1
45.2061734544514,50.3671079907793,71.8328930629164,1
34.3533257429301,36.8496676339602,30.0998810170868,0
66.085793587984,76.2147529964326,142.15458479137,1
49.2019906687611,59.6076387031739,91.0973497463237,1
45.3643887899762,47.9567791364797,67.8921748382517,1
41.7646610828596,63.5601037068209,82.9246265830966,1
39.540611263457,49.8296886490297,54.4291684213551,0
38.3004574926781,60.8061276546316,73.8357556143917,1
45.8466797379534,54.2973793978378,78.9826492363448,1
57.7849343057597,65.1568325330875,112.652448243149,1
61.7391091434765,63.5612319966707,120.033099216626,1
40.1536058469877,49.8352975631375,54.9517609905673,0
60.1725426187973,47.6814737148287,97.6230665301742,1
22.9486524682495,64.8994577380656,44.1431361212983,1
41.0443040165041,53.283784605521,60.3317737848395,0
48.2991454003144,63.9430150792363,92.5356615238935,1
39.5333162014879,61.2006128977496,77.1997153074577,1
31.0169148229147,58.9549061132588,55.3263863089703,1
43.0741114249701,61.9088717445512,82.695278275346,1
45.7760485702315,46.3673603827044,67.1289669359957,1
65.7613202421682,50.9166566693609,115.375961372157,1
50.0045549668918,50.9298140744723,83.1294635735332,1
49.4047722254601,40.59657774488,69.8034229718551,1
54.0364582083869,44.9369509072066,84.9980936653119,1
44.4873480761141,61.9886894551928,85.2506526472062,1
45.3943416657689,50.4170447724997,71.3051627313554,1
49.0455724422066,55.9558282311154,87.4717687528566,1
54.3087128889856,70.7140843660958,111.340720014949,1
44.7328395177553,47.5638486953414,62.2731411781837,0
55.2796748185588,47.6068619838793,88.8833825747355,1
50.3680807988956,60.3451002588534,93.028121459328,1
36.7238522180513,51.3331938492413,51.6937968509284,0
45.0874849592144,52.1961400365682,72.7035793286614,1
37.6266007867743,48.2179841494418,48.8970809766258,0
44.2112951024335,53.9583393035457,66.9854401749219,0
38.6846729634408,43.1971366856825,44.8614933336153,0
42.0321603154428,46.3206913482837,55.3828130555109,0
49.8838860350424,47.8661982971719,78.4657344702107,1
46.5525305841703,61.9368629672137,87.4722748806537,1
49.0484639788903,48.3456066817335,78.2884030912207,1
49.1127155481647,62.5184119073872,94.9666835158341,1
54.5857433956229,41.8779886941707,81.7551125661155,1
64.6569395472731,69.0105032426907,131.01557545146,1
40.0813108417342,36.5280471256969,43.4162417180442,0
54.7459397314238,69.8408412309523,113.601837106634,1
44.7094086820786,75.4000820014676,99.8112877803549,1
40.3362323833721,64.852212015014,80.4615927392533,1
32.1114123535493,62.3931884821915,61.4344291921121,1
51.7485697820087,69.3205511558721,106.019625572538,1
46.5290455690731,51.1710633244598,76.2989075795363,1
42.2943598064236,45.0459831250889,55.4085915626072,0
17.69434511413,61.6692507449111,33.3810636475452,1
34.9106200692938,63.9925794791692,69.820785344981,1
39.4309763450975,69.2933762282242,84.062710974496,1
25.0201429918206,55.3662089345531,39.3363882606149,1
47.6627286940892,42.8419185683034,69.903476997449,1
43.7269827908067,72.3132784153603,95.401888333314,1
30.6700509934341,48.0130522216041,33.2224453724023,0
60.410537482463,48.8548733838275,102.944501721855,1
34.7179691650317,53.5133668616006,49.3899450271432,0
54.9850399570173,67.2759851308937,108.439219352762,1
44.5459230766398,71.6508555819784,98.8699803638629,1
17.5076738983642,37.8970879497386,0.386780789505889,0
34.6174266764225,55.8258280556097,59.005226429557,1
54.3919501872329,42.3037965043996,83.0776067797921,1
38.7920443410746,62.9304862704693,74.0971127984863,1
31.4623187854998,51.3787812372915,39.1794553606596,0
21.893082104998,52.7652336597608,21.7668097279462,0
45.9040112963279,54.6218398763708,76.5023367824081,1
52.7731445654838,52.8253949792532,89.6423603645513,1
54.6013020962805,67.5329426629555,110.220541530231,1
42.5339211200146,48.4309412163819,59.5045516744471,0
36.5357831596578,53.2466184057103,50.2744403063302,0
42.6222540336992,54.4972369873364,64.3721098394928,0
52.2635172119401,55.6915346832093,91.4226609768858,1
40.4845742050525,60.2507835466339,76.9101059470271,1
49.7893784165266,59.2694773738962,91.2433590003961,1
47.2922374610212,54.5684130652532,81.1549554577462,1
51.8542402472393,51.3398328954619,86.3561896079429,1
37.8133061258584,57.6356558753797,68.8672948486487,1
45.2416128821729,54.3773496840615,75.9488218972493,1
46.5748037256934,55.256490398157,81.3348750535567,1
38.5569001754661,57.1379950485276,68.8981807117261,1
29.7875408885616,41.0434649372072,25.2042617452153,0
41.7100176048825,53.8437361666611,61.5553695419834,0
49.8872452871685,46.6042138033976,78.5907285961594,1
39.3608118412842,51.9702362429034,56.111998954898,0
37.4429860903523,60.3176056739013,69.2443404662979,1
51.9764277555858,50.1107501468284,85.2441100682854,1
29.0922456340249,46.8080395134109,30.9358504989207,0
31.564661469437,51.4922456332975,38.914512707761,0
42.8505383646199,30.7222570573273,41.9860089485226,0
47.68927208362,43.0945717320679,70.5050254914364,1
37.7277991040778,57.3671958045642,66.983487500713,1
51.9249214632893,44.6839224828952,80.5124421682139,1
45.4719148752708,52.831066938084,75.7182661386816,1
47.5024649588236,56.9187380241972,85.5120997522934,1
48.5299897944299,60.5602214473126,90.3921523987141,1
37.3064883558548,49.2791830627575,49.2600744450469,0
50.0745190451007,41.68966315044,72.6055522105093,1
47.1925578435673,47.7450339368207,74.2199281102907,1
45.6147748803936,45.6809389279587,66.1191481819798,1
34.903423267919,64.0853923352054,69.2135997132495,1
37.0708237361252,60.92529539353,69.5710583285492,1
25.2249040656506,55.7086553566594,40.8257794470541,1
43.8488828553155,55.6819169219042,78.5449005982342,1
47.1729926905026,60.2327116289307,88.6547944095256,1
41.7659613296332,58.5368646404831,76.3477413560167,1
41.7222840958802,66.3233803258497,84.554838411466,1
55.0246956092759,61.6300384890258,103.960977311564,1
34.7313015957804,51.3356366407557,44.7683950357431,0
56.3873657662666,49.6780739011579,93.3123465075854,1
47.0693265307208,57.734747843116,84.8330490906594,1
69.7107259848609,43.9790131081294,111.88278527448,1
46.2690556539713,61.6789461117223,87.1472317511882,1
38.2433080144918,47.4919884530891,49.0086957036537,0
44.873602415727,49.4690901054124,63.4957529289148,0
60.9986750821055,69.9145997192218,126.076471943173,1
28.4433400508245,56.5818919486656,48.2503362439422,1
48.8339792996238,70.9590450553538,101.949297159827,1
57.1092950207732,47.2180007206305,93.0303223092673,1
60.4583545873948,71.142359328129,123.476504124071,1
47.6820241395312,60.4336790691191,87.8436418376292,1
45.5569563179446,58.4270884358588,83.392102765105,1
44.76383299805,58.3469161942442,83.0514815738265,1
47.9054929434598,54.2844021913955,82.4964342487564,1
35.3086167086357,59.1767224002972,65.6890567652776,1
47.4009065491961,74.3565675118795,102.036948295321,1
26.0273653614426,50.2833804403985,26.2596209583704,0
42.5137229535977,59.2250445198294,80.6966402977159,1
36.9273067647461,41.2052926297575,40.5673500219758,0
32.6833948523709,55.8925768870288,55.2128987944465,1
46.0073295031871,67.1946711445939,92.0138282912902,1
39.1967951939006,61.5167973235761,74.1658024614624,1
36.0378994355121,50.2788821485847,47.1751211598653,0
51.4770080117677,50.585779950621,84.7220489353951,1
49.0765162008406,59.940202687015,90.0302898560047,1
37.489211142792,37.7043869682056,36.4620059207202,0
42.7160385190962,69.0906536927049,89.6440537064788,1
47.9283365433096,40.4403525840604,66.1682328948079,1
36.7237225900216,54.9926557669208,53.6929031695699,0
30.385915802168,53.6401245465802,40.0875761853764,0
56.1613934530581,57.9680316160394,102.938969002029,1
48.2348502343287,54.6543988334888,83.5527800598499,1
46.5270713698592,55.4162048881604,81.2932580769841,1
48.0918401022959,57.7365372226786,86.5925433453208,1
46.9987069729193,54.0411582480422,79.5398174777335,1
44.7834158887513,41.5243011396119,54.6334904947216,0
48.4594080734214,53.5346611553469,81.3759143499924,1
56.7153037376044,57.7234496750823,103.071640821053,1
49.2401581183905,50.9808062976468,80.6349819492845,1
40.0510064241855,58.5531601663092,74.7149041394726,1
35.001189039972,46.238203775802,41.5436555116821,0
48.7446462566913,40.6011497870135,68.4784448319322,1
44.5355348601142,66.1466633092899,90.5133814778936,1
53.536577068062,58.3247808423039,99.2673933406473,1
24.4762542320609,60.0657002749199,44.5359700813089,1
43.3752086996603,56.9638181781715,78.7679123508545,1
66.5931914019082,72.1084294678486,138.707158523889,1
52.1470080516388,72.1345970377992,108.992787634898,1
43.7988880218324,59.7902475642368,81.9163977984158,1
32.041938123525,53.9863079389114,43.6777734082656,0
27.9788821789412,49.5882294961823,30.6871817447036,0
17.9282678765746,51.8596516699576,13.2640929666511,0
28.1643668697236,57.2541739740624,49.9747291115567,1
43.3524215228637,53.8652226339358,65.8094156103641,0
60.0528426600863,35.6312415466564,86.5701320097926,1
44.7548495737434,56.1152235543106,81.5959550560563,1
50.9216127436036,61.8141316464041,95.7027283768636,1
59.8206537210866,51.0944499775913,102.415029135326,1
37.2761342393389,47.4549568119197,48.0325727771857,0
43.584925373296,61.9171113147894,82.475284856106,1
47.2507909312431,58.8904948127404,85.5496642662145,1
52.025895696548,54.0537442507347,90.3744376291054,1
47.4599909479761,35.5101016045361,61.4877834274044,1
60.8207111750296,48.3440937401881,102.005218766401,1
45.5578932173304,55.1207693112104,79.7831175962121,1
50.4344950507593,59.2093899493594,93.9322481854597,1
40.7039700679635,47.8161902401446,53.727141080743,0
50.3103621999189,59.2802721800944,93.2531581973054,1
34.7047413903655,54.8398112190788,49.9130911937703,0
56.5041609809004,50.0078172006318,94.0391250276158,1
45.0130522935005,39.054667769917,62.4846518500082,1
43.4606527684842,70.9999277224193,92.6636910963755,1
47.557336437986,60.2421862826148,85.3459254089117,1
47.1971636873993,53.2182499215454,78.7567501949104,1
30.5231764588593,50.9198752294914,35.5057890793196,0
49.183663632818,64.9811027916792,95.4376306577791,1
36.2051094752217,67.4175037129753,74.8398285509552,1
44.744918516138,39.623087143074,53.068624056716,0
51.7176719085282,50.6031468080254,84.0559144429027,1
70.020594175511,50.7592355761663,121.694602907421,1
53.7707776949182,56.7596518345857,98.3548949404358,1
56.392715504545,59.1543933876188,104.01765967593,1
46.0151554374065,61.4631250656102,88.2209315139011,1
47.5661164833041,34.9553749108479,61.3439876228284,1
40.4063686272167,45.7168861789552,52.478361165502,0
51.7635188681709,58.4834223426074,94.9005297845823,1
56.2895630081392,61.9395819275789,106.685978029518,1
35.4659863674009,45.5230997724738,41.914134363597,0
46.6797973433019,70.2747153709321,97.3858006279893,1
60.6893999749627,58.8970228928624,114.038535785609,1
29.7802435952266,58.6621663473667,54.2641638021078,1
33.4136641557347,59.2081759781588,60.5223383075177,1
38.7477843434073,62.7132804982694,74.5258086955062,1
51.3260017191416,43.074395272688,75.8287533899905,1
45.126108325815,73.8628492018491,96.8618510923566,1
59.2612789277507,51.4008069130387,100.607779460599,1
52.9589766302862,56.0866365717125,94.1654525351662,1
38.5232527252665,51.2714727330733,54.2126438704757,0
45.5550293187346,47.5770490097355,69.5253298682562,1
32.0081877484032,54.903514941995,43.669677275668,0
34.3364211442534,69.4071934685417,73.0220316618255,1
53.1389945420409,67.8795521882868,106.449290374517,1
30.367142164055,60.0100090438386,56.2189426503512,1
33.3634077135518,39.4902133892543,29.9691298117816,0
37.9150467149396,33.6457299684848,35.1601097748365,0
40.2095511937383,55.2329126981505,71.2647602511859,1
70.2798343283522,41.1370892173402,112.476832437008,1
42.2060465681624,60.6339699708983,80.821539699004,1
57.2783686787249,52.4296753539504,98.0228871949752,1
51.842519397917,55.2926428694923,91.8300327117398,1
39.5105281412277,50.5519249854069,54.4705456979371,0
41.0903664062357,58.0680506237232,75.5631129621847,1
39.9502093758484,39.1974843202805,44.2288411573826,0
54.2826029800543,49.7114882311793,90.5110870281337,1
50.8189775343283,43.1470989003257,73.6196617415736,1
44.3521601945634,40.7377461751307,55.2588807749947,0
29.6594153747608,54.1827647444585,38.3560798523728,0
34.1448454429855,61.9222433507026,64.821825596443,1
37.4831636912277,46.8008435660698,45.6107391945188,0
43.5570439359727,57.6125903975583,79.5481320951021,1
25.9082370412025,51.8187946784104,28.6933113822386,0
47.191047795934,58.7031087588706,85.5391961561458,1
68.175204690458,43.7067167771941,109.136359075024,1
53.482507149848,52.8345574279569,90.9231972512197,1
42.2990445015338,51.5296484144918,61.2383589279824,0
35.1396504258386,74.1546719599691,79.7934500138009,1
48.4236675135904,59.5143512560433,87.8598785499398,1
70.1249489269269,62.0112079389188,132.726903620996,1
54.8970125928068,59.3305731337738,100.841261722507,1
47.0944690502084,63.4525800245679,92.5405774445923,1
53.3420501727959,59.2531473586166,99.6199903682796,1
63.309595615819,62.7795677369182,122.079058987145,1
59.6382115113277,62.2032075821588,114.330481670546,1
39.5361711503918,61.1394246721037,75.7622387887871,1
51.3949883160152,43.4972968437317,78.4031356771653,1
56.5773053578148,39.3268746084326,83.9596536936814,1
44.8824896266221,57.1265565477306,82.350507847117,1
44.1257390704406,52.7005978271092,67.011644125689,0
40.1493237680962,63.135965753487,78.5321919880361,1
49.5124185347678,65.1442000776403,96.5976440861945,1
44.9725868311147,74.8083405069078,99.0872956611224,1
56.0941989358567,65.9172374066515,109.719562008731,1
16.5884740171855,40.6464207208747,-1.83714764048506,0
48.200517076964,49.4435770460517,77.065749935297,1
35.4465873032293,73.3421252302099,79.2048149947146,1
46.1974776448708,55.4247938266526,80.1588768696172,1
49.1132905890123,58.0401166565945,89.4046172171668,1
45.9587911246588,68.4800412678978,92.8761543309233,1
38.2802024733907,52.6867784514659,54.8202881310729,0
37.9503457975977,61.754964053986,71.8145147512646,1
43.6890113909374,56.3824285854882,79.0161746939113,1
41.9570290513365,37.7238856721471,47.3737266017201,0
42.1653692948254,50.3801387899074,59.4013209933947,0
55.6564170332771,56.1939912536981,98.1818645674288,1
50.8853350278315,21.3828645118601,54.0544142144775,1
58.8105853760323,43.9728771412482,92.7170573734335,1
37.2250355292201,68.1255085522544,78.4925801872597,1
38.0112582417844,56.0097896608242,65.8349015424203,1
32.1641479822078,39.2610139676254,28.3459232612806,0
35.9569419111278,53.4898033480289,50.9264273614341,0
43.9488875345266,53.9461000934147,67.0421179160444,0
38.6892622799931,62.5945944336443,73.8112068856846,1
44.2919428969842,42.5733057333549,57.2243812525745,0
23.909911279576,49.1015381064474,23.1958614016743,0
48.632559908699,34.608882038454,62.7763734084664,1
35.9996461400999,49.3881690771856,45.3952939324198,0
53.5875597906932,67.6053557002851,108.133840455577,1
41.8709975389473,48.4973129489973,57.4664725533138,0
56.2419012994616,64.0256459484245,108.88420759514,1
55.2196044036654,43.4732356896044,87.2426730792799,1
56.2898881022364,56.6363863290875,101.248203329877,1
35.3716059658672,63.7803346353892,69.1169690305348,1
34.9249965451147,62.8953080644922,68.8368300315377,1
41.9426779420465,47.6031409645469,57.1273274804435,0
50.8630449737773,44.4626596857204,78.6868872399846,1
53.1322273285402,52.2366039078516,89.9305709154202,1
48.3665665643842,51.1642764707622,78.7116465842523,1
38.8356730708685,58.785313156465,72.8116601800076,1
50.3541104958676,54.0287232680325,84.2744148378575,1
34.8621051006451,60.8195754276283,65.4552925867604,1
54.6969478775606,54.7564720962831,94.9650960052243,1
44.8139465358916,48.6122681300972,62.7645839072914,0
53.2074334240049,43.6238753356465,82.6914462398978,1
40.0782427055711,61.3232525991581,75.3392353789779,1
40.6317495536794,57.9658943162061,75.3639443584672,1
43.4009995641862,60.3632782791896,81.0016326450063,1
37.6458292849043,65.0446648074464,75.4122634240208,1
39.0812041339503,58.3499970352022,71.3236543832325,1
50.5088788207378,76.8754706132525,109.659478395121,1
48.6942946001309,54.2089679635155,82.6533057532913,1
47.8790020952951,64.1967347394496,91.8155384056982,1
38.965231412542,54.5902271065084,58.3248548019515,0
44.9003509574774,36.6082465127333,49.7646547038608,0
24.6167768894908,54.3682376738475,29.7040257346061,0
60.6262372987412,54.4475598717329,107.15593818908,1
44.9756319949744,48.5329317032716,62.2537412413123,0
57.6580514668389,30.947581719908,75.2724309596503,1
46.7000618565645,52.7610738296833,77.6198302842882,1
55.0585304151255,40.7086582065564,80.6039735124738,1
51.98928427392,64.2775969758314,101.317112091722,1
60.884806036297,39.2563550481488,92.1988393147944,1
37.3546230925355,68.0755369320034,78.7785535437406,1
25.0354990718449,59.0353544607519,45.2990729184848,1
32.8660696977699,44.8250624293554,36.6062048010927,0
43.2749298730662,55.4977975831175,75.1756457188735,1
45.9205364542385,72.5688267409727,96.2940233728315,1
50.1679511639925,59.4931253940061,93.3416388550238,1
51.8535391382314,61.4335964298694,97.5353282036899,1
41.5764049369251,61.0568665587688,79.5848080346351,1
50.7921741753354,66.1280179423814,100.434318033233,1
59.4518994039113,45.8888429765796,95.7176128354381,1
38.8283296114669,56.1477785657438,68.8047741751651,1
42.4790582499339,54.2094756251726,64.5407352924497,0
46.4257568993432,58.6668282069043,82.9330386790891,1
49.6477116085217,60.4683217730456,94.0703047292714,1
38.5349212308157,64.7371893280752,76.3355462391415,1
41.3118747769879,70.8412560473082,87.9364504411657,1
46.1993488235975,54.1975919260818,76.9357481192745,1
43.354112031355,48.7061887242759,60.9173953307641,0
58.8063127632367,76.9462667646182,126.872149827603,1
42.598266105314,51.7619992181655,62.6465607730936,0
37.5550875217763,45.579914449502,43.7327058869867,0
53.8604354080356,67.71010601125,108.841364109969,1
49.1923305337583,54.0564437517858,83.7194104236041,1
52.3915938631685,37.5784403389171,73.3357297347038,1
38.0376854070119,60.9950570502802,70.6140561109606,1
44.9012056237179,66.6461929277487,91.7640592709096,1
26.5417260803754,43.1857240226736,22.3865419862697,0
43.8523575381972,53.90566787004,67.6116891009213,0
50.5141444330491,56.8719726354803,89.3296760674844,1
63.8580037750414,46.1319947777568,105.153585984225,1
51.4931499963839,45.6230204898729,80.4268017526357,1
48.7913741177764,49.801546916564,77.2955401539522,1
58.631630044203,60.9185580644879,112.20635768841,1
68.5455711663804,50.889786623933,118.583834656413,1
45.9966232620738,61.7629300124144,84.90959669012,1
48.2428456759703,72.667339590498,101.57096186132,1
64.1824238430625,40.4175688879906,100.563228522676,1
58.0504527760565,62.4981488493758,112.101541227406,1
37.0674916847409,49.9689710535898,49.8211939633809,0
49.1098187300942,49.8256244242315,79.7668501471013,1
49.4907098319207,53.3446521235266,84.3958461463892,1
25.7491003462365,47.2881787929316,22.0799031206964,0
46.3965041271628,47.2853033323876,71.1513449866571,1
36.2096365329176,48.7248441411774,46.3882973402163,0
39.0953714400288,50.0534894717109,52.1947071344772,0
59.0184033773242,45.1177811367577,94.9814055111446,1
55.5060476687503,65.7658610150928,108.504208314633,1
29.5338292292849,50.9818733870501,36.1679231427537,0
47.2188357565311,42.175470225543,66.6494157168867,1
49.2320219571805,47.8123482775178,77.3145860992972,1
25.4826408048433,71.8486727945069,57.6823862063101,1
51.560132934385,69.4446975457154,105.133045934397,1
40.9171257817795,41.960546074794,48.9273653747994,0
63.6619713748198,61.3410494726889,120.484651313427,1
43.5921367040798,72.8178250388498,95.998680979796,1
35.6705799018106,63.7315145105142,70.766053347062,1
66.8343531182138,36.9326174276406,100.39960663292,1
51.9769501809088,50.0283805194992,83.1551084036425,1
40.0186581083489,67.4420700412479,81.0110637356113,1
63.7752914445503,42.1617487410371,100.16907449089,1
46.0403370743962,55.9763722410609,80.3251739665995,1
29.4922390593512,53.5375444750419,36.2733203198969,0
37.8289640323305,45.2307477263167,46.8249975386266,0
49.3114865746762,48.3649738585514,78.0938251623605,1
69.9019207784918,56.5439532859991,129.176790738086,1
30.8382441888068,47.8374316201406,34.7244861045404,0
50.5002808557174,65.9332498668589,101.112201434931,1
27.5411136708619,51.4924157655834,31.4620776988322,0
45.2479513122058,53.0642137471269,75.6301860734912,1
58.1495779537058,36.0951619198564,84.2898906049121,1
34.4729540370355,40.168049337312,34.4850390122478,0
51.4268044125041,61.0601083624088,96.5192650518317,1
45.4255249101017,53.85588189701,75.3801014315464,1
44.4019770258888,58.6915075810294,84.2079088347573,1
34.3227069014064,76.1117384525973,79.2848960334128,1
56.7051811946735,60.6690788728483,107.679812988141,1
28.3679731602282,49.4599729602092,31.1315578029627,0
67.4091573111992,59.2883039497747,128.574651971618,1
46.2151144290588,62.2900903736278,87.1564084373248,1
54.517515150697,63.0070257469966,104.570077809873,1
40.5755062139958,43.6263382084868,49.2636401451692,0
72.5088605810423,50.5820718596016,125.101765657141,1
55.8568205219294,65.2755373015862,109.39824621201,1
44.0426664906809,53.4582289401194,64.3463551737211,0
57.0855565199296,69.6322323647923,116.423794228416,1
47.8014605325279,74.6681130155238,104.717430977143,1
55.8322013475672,35.1646880424804,77.7156846927163,1
49.8402646112094,55.5684670558815,87.9207003449032,1
40.4850299074675,42.2006733493849,49.3155705748028,0
49.2476777512897,55.6604342179142,87.9999889472913,1
36.7486995984107,40.8361063804048,40.0676277476017,0
40.3720625961236,58.1381036375443,75.5299681274959,1
45.6207506408448,44.5823937794506,66.9535596127316,1
48.9460585106529,37.9669366979999,67.7619725034432,1
34.7751891601104,62.1157453778278,67.4968128870155,1
40.860577933545,45.569234749406,51.3573460140191,0
27.8538711241383,56.2684460482408,45.8759265348304,1
32.5332612613958,59.4645802581542,59.035478203599,1
49.5278370634709,39.8953185527195,70.0616508756894,1
30.9353048339476,56.8731905485114,52.8740643987972,1
60.5998847582838,46.6941758932947,97.8242417410666,1
47.4522191997412,67.0154225686385,95.5863216968605,1
50.4323343888817,61.5233180925903,94.3378355304099,1
51.0696054543659,63.2343834033047,98.8247777236716,1
50.6015402021511,57.4450827112684,93.0722747106214,1
49.590071933075,58.9318200029953,91.1075231115487,1
53.0062283426485,64.8870603145642,104.105503878019,1
41.8982733267647,38.4023020512693,48.2243391846659,0
37.95615158778,47.2324507290956,48.5117205855094,0
53.5962591197544,52.9871694523101,92.199458604876,1
55.263262174384,53.3450907339943,94.660706003685,1
24.4033785926505,60.5450610953901,46.6173794561361,1
28.878066576014,59.7812370659458,53.5375631864693,1
61.959169296919,49.8843172813144,105.148313941081,1
60.8671703188176,35.2769394045918,88.1078260524144,1
36.9822166611134,57.5430396905143,69.5237382825969,1
62.4260643593466,46.5514243471957,103.230037359671,1
34.7210712580899,65.3434823247096,70.5228485722638,1
48.0195290999458,73.0139766029249,104.142503660165,1
50.4516223862811,74.7543520057822,108.865898318321,1
33.9698802957954,61.6533937481789,64.8060424408,1
55.1804042500076,63.4350037342764,105.907099695725,1
54.7982366636825,45.4564776845576,87.1511791804234,1
27.8854603111132,43.375179385265,24.0057361353001,0
38.1518812286228,50.8047916181039,50.8968426541711,0
37.7351036203323,64.1952775413438,74.3790169025463,1
35.677263126827,69.1703841935039,75.4385690579723,1
18.7093119516777,49.4849721059236,10.3410321010306,0
52.1942105151963,67.3805892156827,102.903261085575,1
52.7944449527239,53.7607022132859,93.3506031129672,1
42.340862078929,53.708987422629,62.941568979016,0
43.9311871303137,40.1842335778606,52.0350497743612,0
36.4045042355856,59.9242162845494,67.2308518017821,1
36.4108874240013,64.074142228576,71.5915677285351,1
52.0660295583195,64.5830224707884,102.927504131797,1
49.3287263109088,46.701019296716,75.5016589598039,1
52.2405484256306,43.9361916379471,79.4512596249507,1
37.5544327226023,52.1815522529615,52.6888674200261,0
55.7166605563658,57.9635352115357,103.248235812939,1
40.8576505149989,37.2778254775531,44.432734628323,0
39.2209665717971,67.8629708837334,80.3943733900224,1
61.4438152954397,51.2769178970144,106.446528909361,1
37.2090272781353,58.0828211538881,66.7615804621882,1
43.8706898093665,47.5638741314713,58.4007209471932,0
52.1117957629041,59.1565827323859,97.1647440415587,1
51.842218934182,59.7939145071724,94.6709507137606,1
49.1751512728986,46.9952286051377,75.7376435407532,1
40.7480246901318,34.1826485163198,41.9336300032943,0
49.3656328470276,56.2728841496592,87.6913179449628,1
39.4127715811783,69.8954847879162,85.2653823817045,1
76.8310457252068,48.2099065299055,131.922814072722,1
34.2258070411208,60.8766272147665,62.7517609627886,1
46.4701069186498,58.6118272050711,84.640443689139,1
57.6055623955839,58.0492204315809,106.528142204139,1
51.4088676524061,62.3319222735105,98.6547681002263,1
54.1259302589268,62.0709467381418,102.88289619441,1
54.0219522182032,25.9857668879217,63.5537746803041,1
60.2089481224917,50.5722147098968,101.867987288225,1
46.2935040925124,68.8568519221583,94.5148993009952,1
56.6466505980617,43.7798562590896,86.0064662909434,1
40.9218915227726,51.2959190438065,58.1108528021246,0
50.0217793208776,54.2680281114831,86.591662871774,1
49.9220369365793,61.0659294267328,94.1786999697916,1
56.8510967744998,53.7975282440209,99.4613764160145,1
55.7152540551872,56.4177927548332,102.160800091123,1
46.6590598926396,47.494090565272,70.4813656709736,1
41.2104655260498,61.6283136275447,79.6517637014613,1
46.6602380703435,41.2034644057359,66.3201085969406,1
39.7398996460468,48.3716855671572,52.3041052995602,0
49.179674443191,39.9904430521006,69.098730352188,1
52.7869278041755,47.4715837459789,83.0127195817553,1
52.0685675416675,48.4345591817693,82.6892772870932,1
49.6880161941047,54.373105416703,84.0224479021945,1
47.5615920511109,56.1250358569176,82.502112838562,1
36.4735621898866,49.6728749034349,50.2179683471422,0
38.6012196412167,57.9124341618189,71.5360189330253,1
38.9224679807877,55.8704092308974,68.6578910368303,1
50.9107486731872,32.8520597024804,65.2192879427771,1
55.0800198291681,60.6432043786569,104.373173074718,1
40.206005026985,42.8191097269602,46.4411742588731,0
74.8137166993878,60.6530123556469,143.511795980075,1
36.9049371607803,48.4932750661102,46.2077033825869,0
32.1166391450604,33.6407263863992,22.4925662737232,0
40.0108139909066,69.8249554689121,83.0842519160149,1
29.0271378620536,70.3507144347664,63.9671574642395,1
56.340510965703,50.8100551700895,94.3303460931114,1
49.290131486638,57.8955831760111,88.9511747615807,1
44.6141923529111,50.8133549766995,65.9702447692037,0
49.7894570512003,73.6745567786405,106.046783920667,1
18.3523357984504,71.7967590016698,43.3748623843088,1
40.8419654525259,62.8296740756727,78.5513388841246,1
48.1164461063249,64.5874985406117,94.5903571065367,1
49.1946011176671,47.1511882015125,76.2133568021708,1
49.2169231419572,46.1100120716143,75.3450307468486,1
41.2479596941424,64.5310028602758,83.6939998303727,1
40.9939832196514,63.3339625771209,81.7584171646982,1
56.6691801819039,60.0446082482445,105.935153497544,1
51.7364440936406,37.0952334066834,72.3395694555296,1
49.1726273241182,61.1560821145229,92.3206913939007,1
47.6372775504099,65.0650075677672,91.4322255381638,1
17.1088092506474,71.4299397911121,39.1614941244751,1
34.3674475432139,40.9032365145381,34.1349332431746,0
54.6626433517935,58.5140438128265,98.8768614265297,1
42.1559050001057,43.3680932526398,51.6056297131515,0
72.5213433656844,53.7319739229645,130.06026913347,1
39.191314898918,75.3599902018968,89.1641319147266,1
47.9703224951385,37.1584019254723,62.5555316109028,1
40.7571954982351,48.6727586728365,55.5493253428567,0
38.4542128234121,66.1154589596777,78.0956091471007,1
38.0979679493808,63.99639620939,75.3853151549312,1
57.1196807816107,36.2564081550538,80.9198399880132,1
35.3882443673227,40.2612846004277,36.4393085990069,0
49.90781555605,55.5461369832621,88.0261165945531,1
54.8488422472329,64.6707144363245,106.763437898055,1
62.2425814066377,42.9454490459735,97.098565581828,1
32.5899949180736,55.2124296852795,53.7806670202978,1
40.9672527838219,62.640468995314,79.7170876028729,1
47.6372844534212,53.7949225906657,81.9653682360158,1
22.8776155274041,43.8457255052713,13.4945966441674,0
41.8702527839024,60.320352274628,78.5282612551191,1
51.8329212877239,53.5077729020961,88.6289625371887,1
34.9886480353233,55.7446612920566,61.0502625041196,1
57.8422233993978,38.8765780712031,86.6189247440513,1
42.8652413310583,42.025280180565,50.3866600598249,0
41.9508916892024,69.7859523542946,86.9409252308693,1
25.2935430552286,39.1083089440758,15.3522057323932,0
47.0375912611645,31.9962810768576,57.0361630348615,1
29.0491782114817,56.3524003520333,50.3946503620189,1
40.4279626282147,38.0009392215923,44.9363656283622,0
56.2409589528365,57.3637173914467,102.927767740944,1
46.3785409890734,59.5717755586411,84.5217214292025,1
56.6052016478563,43.7229908362181,87.2168737273968,1
43.3036500847744,56.0396026467087,77.8235406734038,1
52.3662139579445,63.3941836152325,103.013828038011,1
50.1195860853652,47.5696432818384,78.3632484107666,1
36.3633517961743,64.4944241546577,71.3252417151137,1
47.9688733050035,79.6778883672265,109.731368085143,1
37.789943962076,61.9774634794167,72.1418250181652,1
46.1212939463609,55.9773049534257,80.5731148318034,1
47.6168846869189,54.8483917909556,82.2619948316359,1
52.8040352976,41.7956986930758,76.8342680498555,1
38.8962939493677,56.9658787639898,70.9756329001879,1
38.9247160635287,52.110597682231,57.3541221914472,0
30.5918268120936,61.174637484991,58.3892126397604,1
48.3941165811937,67.5193650420638,98.3541344158705,1
38.2610146491942,49.2625460272777,51.508911060188,0
46.6814066652372,57.6703292106767,83.0514965969572,1
46.1859562340433,51.1676710654051,73.3638261056493,1
35.941542830158,49.60751679488,46.2258095876074,0
49.2732730683259,47.3901014523656,77.053630247875,1
29.9501460334993,64.0099372344394,60.0224156457118,1
53.0861132664948,40.895705709165,76.6300338557223,1
52.7875118486349,72.4814429350102,108.629982517806,1
22.8624723927314,72.2208453108209,53.7902589737138,1
27.6411059120074,59.617529660712,50.5741978447804,1
47.6378053853011,53.2093011785006,79.7482912797228,1
15.8063191514077,54.8436319466133,11.6343396130092,0
33.0085477813908,38.2568150984386,30.1060231101292,0
52.3965387794435,52.6079788803499,89.0226079622266,1
40.6297096558136,42.2171922794125,48.5620557508335,0
49.5506648999142,60.0585644437707,92.3486272006472,1
34.3950258141589,70.0379373774266,73.3151319522489,1
56.4142407886069,45.7306094911973,89.8791707116994,1
29.0229260375732,55.2175022935953,47.9140385693521,1
31.3665510439587,47.2233848458684,34.0526442744376,0
38.9853058506385,68.040752112884,80.8490505407341,1
36.0071203157057,57.3395815594773,65.133092123377,1
53.048478710178,60.0606674909562,97.9717978787984,1
55.5417551567067,61.0406381852244,104.829101712461,1
45.9016559887772,44.7263515041575,65.6732335080749,1
50.8895520252889,43.4742222566242,75.8606153248075,1
49.973057131192,47.819995215763,79.7181556835806,1
39.7047506968516,52.5707012643751,57.8760630292527,0
35.7165344687649,56.4452820766431,62.4992517596645,1
30.1815878541213,54.8298071293519,38.9772460325956,0
40.31434627551,52.4362004334024,58.7292177321796,0
32.7224886972091,45.5196596932345,37.8797668492651,0
49.1000569149896,59.0342556798887,90.7218327339538,1
53.6373211926499,58.4110717591854,98.5541155619525,1
38.6282372506275,54.55703590107,56.7429669325747,0
41.0896608477848,53.1671553334964,59.2462361891291,0
51.4277296624264,59.7257037119532,95.859936576292,1
48.6106281035439,52.5564735285982,82.7535332323558,1
51.089266406108,47.6234733384907,80.5945847698661,1
44.5943110702658,28.1923597414518,42.1123208501619,0
44.5575205412885,48.9505022730465,64.5645020986769,0
55.3316742259105,56.8010858732324,98.7091856273251,1
36.8851912736046,53.4017406471743,49.6054390265543,0
44.7427571890277,66.3539072930107,90.4937743310128,1
40.0348224586063,73.9614559000435,89.112657666706,1
55.1685927477073,51.2075202490215,92.7146632354823,1
51.48996844524,65.1548624564903,100.192613060394,1
36.7717910837381,58.9430879149323,67.2472687345227,1
38.7304613957164,59.6825448292136,73.2130613459145,1
53.8502147371493,55.4106219801415,95.8156444765779,1
62.4340485391583,50.8227210223265,107.141309728837,1
50.0456135462414,65.8692108379759,98.8761796368387,1
33.4874257387165,40.3470515620995,33.9523084329254,0
46.0489173354932,63.4910571572874,87.5758128424864,1
57.497159918442,57.8211435822715,105.182707874338,1
55.4646106964257,53.2762305077887,94.2858526359363,1
27.1603827324997,58.6363412710516,45.0765727001436,1
39.2301588101059,65.5195774560502,80.0472825655596,1
51.9977078553333,57.4561964646652,94.9808573509222,1
38.2930658170562,59.9741802023126,71.7699826022567,1
32.5724162665835,51.0662591399462,40.6530487811624,0
38.6748865780556,63.8729780184509,76.0492871127176,1
38.1854691345741,64.1849227922074,74.6162607624345,1
36.3514571202575,62.8957374798199,68.4897690797794,1
63.6252896292524,23.5627760368839,81.4341356127755,1
37.4153304178296,28.7807105566425,27.7047806099983,0
41.5567319166301,81.2072769431437,98.4952055211406,1
36.6657717351659,43.979278963606,43.3497973359104,0
46.4091416654106,58.8993176484257,84.463602369371,1
63.4593502203931,59.654921440055,119.919658339695,1
37.356128312795,47.6760518668507,48.6836894697562,0
50.9812805697668,29.0100758111204,61.8766921488193,1
45.9332559457772,46.8088410531909,67.3849169742803,1
50.4484816486565,51.0832981001717,84.5113752178302,1
41.285604797245,60.3199035071605,76.6650619586488,1
59.6524621582457,63.160034991356,114.071511305298,1
45.7285896402311,62.4498914371564,87.8244670853712,1
39.1800773258375,58.2876570541463,73.4560047287269,1
37.7853040565918,60.74440644541,70.4470485258003,1
41.0451825946991,47.3465350087039,53.5065543858979,0
43.888174019022,39.4028633912949,53.6127298443851,0
31.0101308064383,32.6011037675555,19.445166256677,0
38.4035551533401,48.9655467699191,52.2324220070813,0
45.168571410384,50.6028077283858,73.4536662433349,1
45.0406309784218,60.5508723562769,83.9125949703933,1
34.416674186988,70.5609532834822,74.2753878257382,1
19.9848044481378,66.2918680793332,40.6215391026531,1
30.5693351894567,49.323720604066,37.1070243903979,0
26.3336561188291,49.0334186616872,25.8947917464526,0
54.5403200422851,59.7553053824792,100.993163577309,1
46.239832432984,56.5172679540718,81.8287254806196,1
24.8966384838371,75.6320031973928,61.6184933200639,1
59.5942357751065,67.5765066527585,119.114819436735,1
36.9237095014876,65.3625389483121,71.8425301810406,1
37.6853117937862,45.057764614496,46.8778248284624,0
39.0019246186053,47.8048865906569,50.6825945618317,0
62.6086401528406,59.4144385537266,117.092747536879,1
40.1132788224386,68.7575077083662,84.1581439039784,1
53.7163347137551,64.8268565212712,105.488839591025,1
47.9163648626375,53.5350823019739,79.9814786608474,1
41.8962848907404,52.7567547548181,61.8051888852703,0
47.1985808541687,67.533435006618,98.1410111004781,1
23.8794358907574,41.5948858248833,15.5433424036196,0
27.6757619756458,65.6543172269703,58.2600538793315,1
30.4973208235257,69.4871297663874,65.6168461403803,1
49.4802101157092,56.5339582017125,89.7217815026477,1
60.0259107826802,39.3665139452012,89.4337560487511,1
43.0626337427021,54.0583730560459,63.864657154393,0
33.9558425425116,44.8186681291685,36.7812815775324,0
44.1946492070826,57.9553460298092,82.622043396655,1
40.045949309689,49.559025363215,54.0131697809992,0
51.9088012570581,66.4321839041379,102.862950846183,1
42.2563636140405,56.9322380405658,76.0638734191824,1
